{"v":"5.5.8","fr":24,"ip":0,"op":120,"w":640,"h":420,"nm":"web.smartcontract","ddd":0,"assets":[{"id":"image_0","w":652,"h":500,"u":"images/","p":"img_0.png","e":0},{"id":"image_1","w":271,"h":317,"u":"images/","p":"img_1.png","e":0},{"id":"image_2","w":518,"h":351,"u":"images/","p":"img_2.png","e":0},{"id":"image_3","w":254,"h":455,"u":"images/","p":"img_3.png","e":0},{"id":"image_4","w":525,"h":341,"u":"images/","p":"img_4.png","e":0},{"id":"image_5","w":390,"h":285,"u":"images/","p":"img_5.png","e":0},{"id":"image_6","w":485,"h":283,"u":"images/","p":"img_6.png","e":0},{"id":"comp_0","layers":[{"ddd":0,"ind":1,"ty":4,"nm":"Shape Layer 6","sr":1,"ks":{"o":{"a":1,"k":[{"i":{"x":[0.554],"y":[1]},"o":{"x":[0.515],"y":[0]},"t":1,"s":[0]},{"i":{"x":[0.471],"y":[0.128]},"o":{"x":[0.184],"y":[-0.078]},"t":3,"s":[53]},{"i":{"x":[0.31],"y":[1]},"o":{"x":[0.333],"y":[0]},"t":6,"s":[53]},{"i":{"x":[0.31],"y":[1]},"o":{"x":[0.333],"y":[0]},"t":13,"s":[0]},{"i":{"x":[0.168],"y":[1]},"o":{"x":[0.333],"y":[0]},"t":25,"s":[0]},{"i":{"x":[0.168],"y":[1]},"o":{"x":[0.333],"y":[0]},"t":27,"s":[53]},{"i":{"x":[0.31],"y":[1]},"o":{"x":[0.333],"y":[0]},"t":42,"s":[53]},{"i":{"x":[0.667],"y":[1]},"o":{"x":[0.333],"y":[0]},"t":47,"s":[0]},{"i":{"x":[0.554],"y":[1]},"o":{"x":[0.515],"y":[0]},"t":58,"s":[0]},{"i":{"x":[0.471],"y":[0.128]},"o":{"x":[0.184],"y":[-0.078]},"t":60,"s":[53]},{"i":{"x":[0.31],"y":[1]},"o":{"x":[0.333],"y":[0]},"t":63,"s":[53]},{"i":{"x":[0.31],"y":[1]},"o":{"x":[0.333],"y":[0]},"t":70,"s":[0]},{"i":{"x":[0.168],"y":[1]},"o":{"x":[0.333],"y":[0]},"t":82,"s":[0]},{"i":{"x":[0.168],"y":[1]},"o":{"x":[0.333],"y":[0]},"t":84,"s":[53]},{"i":{"x":[0.31],"y":[1]},"o":{"x":[0.333],"y":[0]},"t":101,"s":[53]},{"i":{"x":[0.667],"y":[1]},"o":{"x":[0.333],"y":[0]},"t":106,"s":[0]},{"i":{"x":[0.554],"y":[1]},"o":{"x":[0.515],"y":[0]},"t":123,"s":[0]},{"i":{"x":[0.471],"y":[-3.649]},"o":{"x":[0.184],"y":[-0.417]},"t":125,"s":[53]},{"i":{"x":[0.31],"y":[1]},"o":{"x":[0.333],"y":[0]},"t":141,"s":[53]},{"i":{"x":[0.31],"y":[1]},"o":{"x":[0.333],"y":[0]},"t":148,"s":[0]},{"i":{"x":[0.168],"y":[1]},"o":{"x":[0.333],"y":[0]},"t":160,"s":[0]},{"i":{"x":[0.168],"y":[1]},"o":{"x":[0.333],"y":[0]},"t":162,"s":[53]},{"i":{"x":[0.31],"y":[1]},"o":{"x":[0.333],"y":[0]},"t":167,"s":[53]},{"i":{"x":[0.667],"y":[1]},"o":{"x":[0.333],"y":[0]},"t":172,"s":[0]},{"i":{"x":[0.554],"y":[1]},"o":{"x":[0.515],"y":[0]},"t":192,"s":[0]},{"i":{"x":[0.471],"y":[0.128]},"o":{"x":[0.184],"y":[-0.078]},"t":194,"s":[53]},{"i":{"x":[0.31],"y":[1]},"o":{"x":[0.333],"y":[0]},"t":197,"s":[53]},{"i":{"x":[0.31],"y":[1]},"o":{"x":[0.333],"y":[0]},"t":204,"s":[0]},{"i":{"x":[0.168],"y":[1]},"o":{"x":[0.333],"y":[0]},"t":216,"s":[0]},{"i":{"x":[0.168],"y":[1]},"o":{"x":[0.333],"y":[0]},"t":218,"s":[53]},{"i":{"x":[0.31],"y":[1]},"o":{"x":[0.333],"y":[0]},"t":223,"s":[53]},{"t":228,"s":[0]}],"ix":11},"r":{"a":0,"k":0,"ix":10},"p":{"a":1,"k":[{"i":{"x":0.459,"y":1},"o":{"x":0.333,"y":0},"t":5,"s":[42.968,116.968,0],"to":[0,-12.25,0],"ti":[0,0,0]},{"i":{"x":0.833,"y":1},"o":{"x":0.167,"y":0},"t":13,"s":[42.968,43.468,0],"to":[0,0,0],"ti":[0,0,0]},{"i":{"x":0.459,"y":1},"o":{"x":0.333,"y":0},"t":25,"s":[42.968,116.968,0],"to":[0,0,0],"ti":[0,0,0]},{"i":{"x":0.833,"y":1},"o":{"x":0.167,"y":0},"t":47,"s":[42.968,43.468,0],"to":[0,0,0],"ti":[0,0,0]},{"i":{"x":0.459,"y":1},"o":{"x":0.333,"y":0},"t":58,"s":[42.968,116.968,0],"to":[0,0,0],"ti":[0,0,0]},{"i":{"x":0.833,"y":1},"o":{"x":0.167,"y":0},"t":70,"s":[42.968,43.468,0],"to":[0,0,0],"ti":[0,0,0]},{"i":{"x":0.459,"y":1},"o":{"x":0.333,"y":0},"t":82,"s":[42.968,116.968,0],"to":[0,0,0],"ti":[0,0,0]},{"i":{"x":0.833,"y":1},"o":{"x":0.167,"y":0},"t":106,"s":[42.968,43.468,0],"to":[0,0,0],"ti":[0,0,0]},{"i":{"x":0.459,"y":1},"o":{"x":0.333,"y":0},"t":123,"s":[42.968,116.968,0],"to":[0,0,0],"ti":[0,0,0]},{"i":{"x":0.833,"y":1},"o":{"x":0.167,"y":0},"t":148,"s":[42.968,43.468,0],"to":[0,0,0],"ti":[0,0,0]},{"i":{"x":0.459,"y":1},"o":{"x":0.333,"y":0},"t":160,"s":[42.968,116.968,0],"to":[0,0,0],"ti":[0,0,0]},{"i":{"x":0.833,"y":1},"o":{"x":0.167,"y":0},"t":172,"s":[42.968,43.468,0],"to":[0,0,0],"ti":[0,0,0]},{"i":{"x":0.459,"y":1},"o":{"x":0.333,"y":0},"t":192,"s":[42.968,116.968,0],"to":[0,0,0],"ti":[0,0,0]},{"i":{"x":0.833,"y":1},"o":{"x":0.167,"y":0},"t":204,"s":[42.968,43.468,0],"to":[0,0,0],"ti":[0,0,0]},{"i":{"x":0.459,"y":1},"o":{"x":0.333,"y":0},"t":216,"s":[42.968,116.968,0],"to":[0,0,0],"ti":[0,12.25,0]},{"t":228,"s":[42.968,43.468,0]}],"ix":2},"a":{"a":0,"k":[-14.782,12.968,0],"ix":1},"s":{"a":0,"k":[100,100,100],"ix":6}},"ao":0,"shapes":[{"ty":"gr","it":[{"d":1,"ty":"el","s":{"a":0,"k":[4.436,4.436],"ix":2},"p":{"a":0,"k":[0,0],"ix":3},"nm":"Ellipse Path 1","mn":"ADBE Vector Shape - Ellipse","hd":false},{"ty":"fl","c":{"a":0,"k":[1,0.003155648708,0.482245621027,1],"ix":4},"o":{"a":0,"k":100,"ix":5},"r":1,"bm":0,"nm":"Fill 1","mn":"ADBE Vector Graphic - Fill","hd":false},{"ty":"tr","p":{"a":0,"k":[-14.782,12.968],"ix":2},"a":{"a":0,"k":[0,0],"ix":1},"s":{"a":0,"k":[100,100],"ix":3},"r":{"a":0,"k":0,"ix":6},"o":{"a":0,"k":100,"ix":7},"sk":{"a":0,"k":0,"ix":4},"sa":{"a":0,"k":0,"ix":5},"nm":"Transform"}],"nm":"Ellipse 1","np":3,"cix":2,"bm":0,"ix":1,"mn":"ADBE Vector Group","hd":false}],"ip":-5,"op":715,"st":-5,"bm":0},{"ddd":0,"ind":2,"ty":4,"nm":"Shape Layer 5","sr":1,"ks":{"o":{"a":1,"k":[{"i":{"x":[0.554],"y":[1]},"o":{"x":[0.515],"y":[0]},"t":6,"s":[0]},{"i":{"x":[0.471],"y":[0.128]},"o":{"x":[0.184],"y":[-0.078]},"t":8,"s":[53]},{"i":{"x":[0.31],"y":[1]},"o":{"x":[0.333],"y":[0]},"t":11,"s":[53]},{"i":{"x":[0.31],"y":[1]},"o":{"x":[0.333],"y":[0]},"t":18,"s":[0]},{"i":{"x":[0.168],"y":[1]},"o":{"x":[0.333],"y":[0]},"t":30,"s":[0]},{"i":{"x":[0.168],"y":[1]},"o":{"x":[0.333],"y":[0]},"t":32,"s":[53]},{"i":{"x":[0.31],"y":[1]},"o":{"x":[0.333],"y":[0]},"t":47,"s":[53]},{"i":{"x":[0.667],"y":[1]},"o":{"x":[0.333],"y":[0]},"t":52,"s":[0]},{"i":{"x":[0.554],"y":[1]},"o":{"x":[0.515],"y":[0]},"t":63,"s":[0]},{"i":{"x":[0.471],"y":[0.128]},"o":{"x":[0.184],"y":[-0.078]},"t":65,"s":[53]},{"i":{"x":[0.31],"y":[1]},"o":{"x":[0.333],"y":[0]},"t":68,"s":[53]},{"i":{"x":[0.31],"y":[1]},"o":{"x":[0.333],"y":[0]},"t":75,"s":[0]},{"i":{"x":[0.168],"y":[1]},"o":{"x":[0.333],"y":[0]},"t":87,"s":[0]},{"i":{"x":[0.168],"y":[1]},"o":{"x":[0.333],"y":[0]},"t":89,"s":[53]},{"i":{"x":[0.31],"y":[1]},"o":{"x":[0.333],"y":[0]},"t":106,"s":[53]},{"i":{"x":[0.667],"y":[1]},"o":{"x":[0.333],"y":[0]},"t":111,"s":[0]},{"i":{"x":[0.554],"y":[1]},"o":{"x":[0.515],"y":[0]},"t":128,"s":[0]},{"i":{"x":[0.471],"y":[-3.649]},"o":{"x":[0.184],"y":[-0.417]},"t":130,"s":[53]},{"i":{"x":[0.31],"y":[1]},"o":{"x":[0.333],"y":[0]},"t":146,"s":[53]},{"i":{"x":[0.31],"y":[1]},"o":{"x":[0.333],"y":[0]},"t":153,"s":[0]},{"i":{"x":[0.168],"y":[1]},"o":{"x":[0.333],"y":[0]},"t":165,"s":[0]},{"i":{"x":[0.168],"y":[1]},"o":{"x":[0.333],"y":[0]},"t":167,"s":[53]},{"i":{"x":[0.31],"y":[1]},"o":{"x":[0.333],"y":[0]},"t":172,"s":[53]},{"i":{"x":[0.667],"y":[1]},"o":{"x":[0.333],"y":[0]},"t":177,"s":[0]},{"i":{"x":[0.554],"y":[1]},"o":{"x":[0.515],"y":[0]},"t":197,"s":[0]},{"i":{"x":[0.471],"y":[0.128]},"o":{"x":[0.184],"y":[-0.078]},"t":199,"s":[53]},{"i":{"x":[0.31],"y":[1]},"o":{"x":[0.333],"y":[0]},"t":202,"s":[53]},{"i":{"x":[0.31],"y":[1]},"o":{"x":[0.333],"y":[0]},"t":209,"s":[0]},{"i":{"x":[0.168],"y":[1]},"o":{"x":[0.333],"y":[0]},"t":221,"s":[0]},{"i":{"x":[0.168],"y":[1]},"o":{"x":[0.333],"y":[0]},"t":223,"s":[53]},{"i":{"x":[0.31],"y":[1]},"o":{"x":[0.333],"y":[0]},"t":228,"s":[53]},{"t":233,"s":[0]}],"ix":11},"r":{"a":0,"k":0,"ix":10},"p":{"a":1,"k":[{"i":{"x":0.459,"y":1},"o":{"x":0.333,"y":0},"t":10,"s":[52.968,116.968,0],"to":[0,-12.25,0],"ti":[0,0,0]},{"i":{"x":0.833,"y":1},"o":{"x":0.167,"y":0},"t":18,"s":[52.968,43.468,0],"to":[0,0,0],"ti":[0,0,0]},{"i":{"x":0.459,"y":1},"o":{"x":0.333,"y":0},"t":30,"s":[52.968,116.968,0],"to":[0,0,0],"ti":[0,0,0]},{"i":{"x":0.833,"y":1},"o":{"x":0.167,"y":0},"t":52,"s":[52.968,43.468,0],"to":[0,0,0],"ti":[0,0,0]},{"i":{"x":0.459,"y":1},"o":{"x":0.333,"y":0},"t":63,"s":[52.968,116.968,0],"to":[0,0,0],"ti":[0,0,0]},{"i":{"x":0.833,"y":1},"o":{"x":0.167,"y":0},"t":75,"s":[52.968,43.468,0],"to":[0,0,0],"ti":[0,0,0]},{"i":{"x":0.459,"y":1},"o":{"x":0.333,"y":0},"t":87,"s":[52.968,116.968,0],"to":[0,0,0],"ti":[0,0,0]},{"i":{"x":0.833,"y":1},"o":{"x":0.167,"y":0},"t":111,"s":[52.968,43.468,0],"to":[0,0,0],"ti":[0,0,0]},{"i":{"x":0.459,"y":1},"o":{"x":0.333,"y":0},"t":128,"s":[52.968,116.968,0],"to":[0,0,0],"ti":[0,0,0]},{"i":{"x":0.833,"y":1},"o":{"x":0.167,"y":0},"t":153,"s":[52.968,43.468,0],"to":[0,0,0],"ti":[0,0,0]},{"i":{"x":0.459,"y":1},"o":{"x":0.333,"y":0},"t":165,"s":[52.968,116.968,0],"to":[0,0,0],"ti":[0,0,0]},{"i":{"x":0.833,"y":1},"o":{"x":0.167,"y":0},"t":177,"s":[52.968,43.468,0],"to":[0,0,0],"ti":[0,0,0]},{"i":{"x":0.459,"y":1},"o":{"x":0.333,"y":0},"t":197,"s":[52.968,116.968,0],"to":[0,0,0],"ti":[0,0,0]},{"i":{"x":0.833,"y":1},"o":{"x":0.167,"y":0},"t":209,"s":[52.968,43.468,0],"to":[0,0,0],"ti":[0,0,0]},{"i":{"x":0.459,"y":1},"o":{"x":0.333,"y":0},"t":221,"s":[52.968,116.968,0],"to":[0,0,0],"ti":[0,12.25,0]},{"t":233,"s":[52.968,43.468,0]}],"ix":2},"a":{"a":0,"k":[-14.782,12.968,0],"ix":1},"s":{"a":0,"k":[100,100,100],"ix":6}},"ao":0,"shapes":[{"ty":"gr","it":[{"d":1,"ty":"el","s":{"a":0,"k":[4.436,4.436],"ix":2},"p":{"a":0,"k":[0,0],"ix":3},"nm":"Ellipse Path 1","mn":"ADBE Vector Shape - Ellipse","hd":false},{"ty":"fl","c":{"a":0,"k":[1,0.003155648708,0.482245621027,1],"ix":4},"o":{"a":0,"k":100,"ix":5},"r":1,"bm":0,"nm":"Fill 1","mn":"ADBE Vector Graphic - Fill","hd":false},{"ty":"tr","p":{"a":0,"k":[-14.782,12.968],"ix":2},"a":{"a":0,"k":[0,0],"ix":1},"s":{"a":0,"k":[100,100],"ix":3},"r":{"a":0,"k":0,"ix":6},"o":{"a":0,"k":100,"ix":7},"sk":{"a":0,"k":0,"ix":4},"sa":{"a":0,"k":0,"ix":5},"nm":"Transform"}],"nm":"Ellipse 1","np":3,"cix":2,"bm":0,"ix":1,"mn":"ADBE Vector Group","hd":false}],"ip":0,"op":720,"st":0,"bm":0},{"ddd":0,"ind":3,"ty":4,"nm":"Shape Layer 4","sr":1,"ks":{"o":{"a":1,"k":[{"i":{"x":[0.554],"y":[1]},"o":{"x":[0.515],"y":[0]},"t":11,"s":[0]},{"i":{"x":[0.471],"y":[0.128]},"o":{"x":[0.184],"y":[-0.078]},"t":13,"s":[53]},{"i":{"x":[0.31],"y":[1]},"o":{"x":[0.333],"y":[0]},"t":16,"s":[53]},{"i":{"x":[0.31],"y":[1]},"o":{"x":[0.333],"y":[0]},"t":23,"s":[0]},{"i":{"x":[0.168],"y":[1]},"o":{"x":[0.333],"y":[0]},"t":35,"s":[0]},{"i":{"x":[0.168],"y":[1]},"o":{"x":[0.333],"y":[0]},"t":37,"s":[53]},{"i":{"x":[0.31],"y":[1]},"o":{"x":[0.333],"y":[0]},"t":52,"s":[53]},{"i":{"x":[0.667],"y":[1]},"o":{"x":[0.333],"y":[0]},"t":57,"s":[0]},{"i":{"x":[0.554],"y":[1]},"o":{"x":[0.515],"y":[0]},"t":68,"s":[0]},{"i":{"x":[0.471],"y":[0.128]},"o":{"x":[0.184],"y":[-0.078]},"t":70,"s":[53]},{"i":{"x":[0.31],"y":[1]},"o":{"x":[0.333],"y":[0]},"t":73,"s":[53]},{"i":{"x":[0.31],"y":[1]},"o":{"x":[0.333],"y":[0]},"t":80,"s":[0]},{"i":{"x":[0.168],"y":[1]},"o":{"x":[0.333],"y":[0]},"t":92,"s":[0]},{"i":{"x":[0.168],"y":[1]},"o":{"x":[0.333],"y":[0]},"t":94,"s":[53]},{"i":{"x":[0.31],"y":[1]},"o":{"x":[0.333],"y":[0]},"t":111,"s":[53]},{"i":{"x":[0.667],"y":[1]},"o":{"x":[0.333],"y":[0]},"t":116,"s":[0]},{"i":{"x":[0.554],"y":[1]},"o":{"x":[0.515],"y":[0]},"t":133,"s":[0]},{"i":{"x":[0.471],"y":[-3.649]},"o":{"x":[0.184],"y":[-0.417]},"t":135,"s":[53]},{"i":{"x":[0.31],"y":[1]},"o":{"x":[0.333],"y":[0]},"t":151,"s":[53]},{"i":{"x":[0.31],"y":[1]},"o":{"x":[0.333],"y":[0]},"t":158,"s":[0]},{"i":{"x":[0.168],"y":[1]},"o":{"x":[0.333],"y":[0]},"t":170,"s":[0]},{"i":{"x":[0.168],"y":[1]},"o":{"x":[0.333],"y":[0]},"t":172,"s":[53]},{"i":{"x":[0.31],"y":[1]},"o":{"x":[0.333],"y":[0]},"t":177,"s":[53]},{"i":{"x":[0.667],"y":[1]},"o":{"x":[0.333],"y":[0]},"t":182,"s":[0]},{"i":{"x":[0.554],"y":[1]},"o":{"x":[0.515],"y":[0]},"t":202,"s":[0]},{"i":{"x":[0.471],"y":[0.128]},"o":{"x":[0.184],"y":[-0.078]},"t":204,"s":[53]},{"i":{"x":[0.31],"y":[1]},"o":{"x":[0.333],"y":[0]},"t":207,"s":[53]},{"i":{"x":[0.31],"y":[1]},"o":{"x":[0.333],"y":[0]},"t":214,"s":[0]},{"i":{"x":[0.168],"y":[1]},"o":{"x":[0.333],"y":[0]},"t":226,"s":[0]},{"i":{"x":[0.168],"y":[1]},"o":{"x":[0.333],"y":[0]},"t":228,"s":[53]},{"i":{"x":[0.31],"y":[1]},"o":{"x":[0.333],"y":[0]},"t":233,"s":[53]},{"t":238,"s":[0]}],"ix":11},"r":{"a":0,"k":0,"ix":10},"p":{"a":1,"k":[{"i":{"x":0.459,"y":1},"o":{"x":0.333,"y":0},"t":15,"s":[52.968,116.968,0],"to":[0,-12.25,0],"ti":[0,0,0]},{"i":{"x":0.833,"y":1},"o":{"x":0.167,"y":0},"t":23,"s":[52.968,43.468,0],"to":[0,0,0],"ti":[0,0,0]},{"i":{"x":0.459,"y":1},"o":{"x":0.333,"y":0},"t":35,"s":[52.968,116.968,0],"to":[0,0,0],"ti":[0,0,0]},{"i":{"x":0.833,"y":1},"o":{"x":0.167,"y":0},"t":57,"s":[52.968,43.468,0],"to":[0,0,0],"ti":[0,0,0]},{"i":{"x":0.459,"y":1},"o":{"x":0.333,"y":0},"t":68,"s":[52.968,116.968,0],"to":[0,0,0],"ti":[0,0,0]},{"i":{"x":0.833,"y":1},"o":{"x":0.167,"y":0},"t":80,"s":[52.968,43.468,0],"to":[0,0,0],"ti":[0,0,0]},{"i":{"x":0.459,"y":1},"o":{"x":0.333,"y":0},"t":92,"s":[52.968,116.968,0],"to":[0,0,0],"ti":[0,0,0]},{"i":{"x":0.833,"y":1},"o":{"x":0.167,"y":0},"t":116,"s":[52.968,43.468,0],"to":[0,0,0],"ti":[0,0,0]},{"i":{"x":0.459,"y":1},"o":{"x":0.333,"y":0},"t":133,"s":[52.968,116.968,0],"to":[0,0,0],"ti":[0,0,0]},{"i":{"x":0.833,"y":1},"o":{"x":0.167,"y":0},"t":158,"s":[52.968,43.468,0],"to":[0,0,0],"ti":[0,0,0]},{"i":{"x":0.459,"y":1},"o":{"x":0.333,"y":0},"t":170,"s":[52.968,116.968,0],"to":[0,0,0],"ti":[0,0,0]},{"i":{"x":0.833,"y":1},"o":{"x":0.167,"y":0},"t":182,"s":[52.968,43.468,0],"to":[0,0,0],"ti":[0,0,0]},{"i":{"x":0.459,"y":1},"o":{"x":0.333,"y":0},"t":202,"s":[52.968,116.968,0],"to":[0,0,0],"ti":[0,0,0]},{"i":{"x":0.833,"y":1},"o":{"x":0.167,"y":0},"t":214,"s":[52.968,43.468,0],"to":[0,0,0],"ti":[0,0,0]},{"i":{"x":0.459,"y":1},"o":{"x":0.333,"y":0},"t":226,"s":[52.968,116.968,0],"to":[0,0,0],"ti":[0,12.25,0]},{"t":238,"s":[52.968,43.468,0]}],"ix":2},"a":{"a":0,"k":[-14.782,12.968,0],"ix":1},"s":{"a":0,"k":[100,100,100],"ix":6}},"ao":0,"shapes":[{"ty":"gr","it":[{"d":1,"ty":"el","s":{"a":0,"k":[4.436,4.436],"ix":2},"p":{"a":0,"k":[0,0],"ix":3},"nm":"Ellipse Path 1","mn":"ADBE Vector Shape - Ellipse","hd":false},{"ty":"fl","c":{"a":0,"k":[0.503860473633,0,1,1],"ix":4},"o":{"a":0,"k":100,"ix":5},"r":1,"bm":0,"nm":"Fill 1","mn":"ADBE Vector Graphic - Fill","hd":false},{"ty":"tr","p":{"a":0,"k":[-14.782,12.968],"ix":2},"a":{"a":0,"k":[0,0],"ix":1},"s":{"a":0,"k":[100,100],"ix":3},"r":{"a":0,"k":0,"ix":6},"o":{"a":0,"k":100,"ix":7},"sk":{"a":0,"k":0,"ix":4},"sa":{"a":0,"k":0,"ix":5},"nm":"Transform"}],"nm":"Ellipse 1","np":3,"cix":2,"bm":0,"ix":1,"mn":"ADBE Vector Group","hd":false}],"ip":0,"op":720,"st":0,"bm":0},{"ddd":0,"ind":4,"ty":4,"nm":"Shape Layer 3","sr":1,"ks":{"o":{"a":1,"k":[{"i":{"x":[0.554],"y":[1]},"o":{"x":[0.515],"y":[0]},"t":20,"s":[0]},{"i":{"x":[0.471],"y":[0.128]},"o":{"x":[0.184],"y":[-0.078]},"t":22,"s":[53]},{"i":{"x":[0.31],"y":[1]},"o":{"x":[0.333],"y":[0]},"t":25,"s":[53]},{"i":{"x":[0.31],"y":[1]},"o":{"x":[0.333],"y":[0]},"t":32,"s":[0]},{"i":{"x":[0.168],"y":[1]},"o":{"x":[0.333],"y":[0]},"t":44,"s":[0]},{"i":{"x":[0.168],"y":[1]},"o":{"x":[0.333],"y":[0]},"t":46,"s":[53]},{"i":{"x":[0.31],"y":[1]},"o":{"x":[0.333],"y":[0]},"t":61,"s":[53]},{"i":{"x":[0.667],"y":[1]},"o":{"x":[0.333],"y":[0]},"t":66,"s":[0]},{"i":{"x":[0.554],"y":[1]},"o":{"x":[0.515],"y":[0]},"t":77,"s":[0]},{"i":{"x":[0.471],"y":[0.128]},"o":{"x":[0.184],"y":[-0.078]},"t":79,"s":[53]},{"i":{"x":[0.31],"y":[1]},"o":{"x":[0.333],"y":[0]},"t":82,"s":[53]},{"i":{"x":[0.31],"y":[1]},"o":{"x":[0.333],"y":[0]},"t":89,"s":[0]},{"i":{"x":[0.168],"y":[1]},"o":{"x":[0.333],"y":[0]},"t":101,"s":[0]},{"i":{"x":[0.168],"y":[1]},"o":{"x":[0.333],"y":[0]},"t":103,"s":[53]},{"i":{"x":[0.31],"y":[1]},"o":{"x":[0.333],"y":[0]},"t":120,"s":[53]},{"i":{"x":[0.667],"y":[1]},"o":{"x":[0.333],"y":[0]},"t":125,"s":[0]},{"i":{"x":[0.554],"y":[1]},"o":{"x":[0.515],"y":[0]},"t":142,"s":[0]},{"i":{"x":[0.471],"y":[-3.649]},"o":{"x":[0.184],"y":[-0.417]},"t":144,"s":[53]},{"i":{"x":[0.31],"y":[1]},"o":{"x":[0.333],"y":[0]},"t":160,"s":[53]},{"i":{"x":[0.31],"y":[1]},"o":{"x":[0.333],"y":[0]},"t":167,"s":[0]},{"i":{"x":[0.168],"y":[1]},"o":{"x":[0.333],"y":[0]},"t":179,"s":[0]},{"i":{"x":[0.168],"y":[1]},"o":{"x":[0.333],"y":[0]},"t":181,"s":[53]},{"i":{"x":[0.31],"y":[1]},"o":{"x":[0.333],"y":[0]},"t":186,"s":[53]},{"i":{"x":[0.667],"y":[1]},"o":{"x":[0.333],"y":[0]},"t":191,"s":[0]},{"i":{"x":[0.554],"y":[1]},"o":{"x":[0.515],"y":[0]},"t":211,"s":[0]},{"i":{"x":[0.471],"y":[0.128]},"o":{"x":[0.184],"y":[-0.078]},"t":213,"s":[53]},{"i":{"x":[0.31],"y":[1]},"o":{"x":[0.333],"y":[0]},"t":216,"s":[53]},{"i":{"x":[0.31],"y":[1]},"o":{"x":[0.333],"y":[0]},"t":223,"s":[0]},{"i":{"x":[0.168],"y":[1]},"o":{"x":[0.333],"y":[0]},"t":235,"s":[0]},{"i":{"x":[0.168],"y":[1]},"o":{"x":[0.333],"y":[0]},"t":237,"s":[53]},{"i":{"x":[0.31],"y":[1]},"o":{"x":[0.333],"y":[0]},"t":242,"s":[53]},{"t":247,"s":[0]}],"ix":11},"r":{"a":0,"k":0,"ix":10},"p":{"a":1,"k":[{"i":{"x":0.459,"y":1},"o":{"x":0.333,"y":0},"t":24,"s":[45.468,116.968,0],"to":[0,-12.25,0],"ti":[0,0,0]},{"i":{"x":0.833,"y":1},"o":{"x":0.167,"y":0},"t":32,"s":[45.468,43.468,0],"to":[0,0,0],"ti":[0,0,0]},{"i":{"x":0.459,"y":1},"o":{"x":0.333,"y":0},"t":44,"s":[45.468,116.968,0],"to":[0,0,0],"ti":[0,0,0]},{"i":{"x":0.833,"y":1},"o":{"x":0.167,"y":0},"t":66,"s":[45.468,43.468,0],"to":[0,0,0],"ti":[0,0,0]},{"i":{"x":0.459,"y":1},"o":{"x":0.333,"y":0},"t":77,"s":[45.468,116.968,0],"to":[0,0,0],"ti":[0,0,0]},{"i":{"x":0.833,"y":1},"o":{"x":0.167,"y":0},"t":89,"s":[45.468,43.468,0],"to":[0,0,0],"ti":[0,0,0]},{"i":{"x":0.459,"y":1},"o":{"x":0.333,"y":0},"t":101,"s":[45.468,116.968,0],"to":[0,0,0],"ti":[0,0,0]},{"i":{"x":0.833,"y":1},"o":{"x":0.167,"y":0},"t":125,"s":[45.468,43.468,0],"to":[0,0,0],"ti":[0,0,0]},{"i":{"x":0.459,"y":1},"o":{"x":0.333,"y":0},"t":142,"s":[45.468,116.968,0],"to":[0,0,0],"ti":[0,0,0]},{"i":{"x":0.833,"y":1},"o":{"x":0.167,"y":0},"t":167,"s":[45.468,43.468,0],"to":[0,0,0],"ti":[0,0,0]},{"i":{"x":0.459,"y":1},"o":{"x":0.333,"y":0},"t":179,"s":[45.468,116.968,0],"to":[0,0,0],"ti":[0,0,0]},{"i":{"x":0.833,"y":1},"o":{"x":0.167,"y":0},"t":191,"s":[45.468,43.468,0],"to":[0,0,0],"ti":[0,0,0]},{"i":{"x":0.459,"y":1},"o":{"x":0.333,"y":0},"t":211,"s":[45.468,116.968,0],"to":[0,0,0],"ti":[0,0,0]},{"i":{"x":0.833,"y":1},"o":{"x":0.167,"y":0},"t":223,"s":[45.468,43.468,0],"to":[0,0,0],"ti":[0,0,0]},{"i":{"x":0.459,"y":1},"o":{"x":0.333,"y":0},"t":235,"s":[45.468,116.968,0],"to":[0,0,0],"ti":[0,12.25,0]},{"t":247,"s":[45.468,43.468,0]}],"ix":2},"a":{"a":0,"k":[-14.782,12.968,0],"ix":1},"s":{"a":0,"k":[100,100,100],"ix":6}},"ao":0,"shapes":[{"ty":"gr","it":[{"d":1,"ty":"el","s":{"a":0,"k":[4.436,4.436],"ix":2},"p":{"a":0,"k":[0,0],"ix":3},"nm":"Ellipse Path 1","mn":"ADBE Vector Shape - Ellipse","hd":false},{"ty":"fl","c":{"a":0,"k":[0.003155648708,0.862384033203,1,1],"ix":4},"o":{"a":0,"k":100,"ix":5},"r":1,"bm":0,"nm":"Fill 1","mn":"ADBE Vector Graphic - Fill","hd":false},{"ty":"tr","p":{"a":0,"k":[-14.782,12.968],"ix":2},"a":{"a":0,"k":[0,0],"ix":1},"s":{"a":0,"k":[100,100],"ix":3},"r":{"a":0,"k":0,"ix":6},"o":{"a":0,"k":100,"ix":7},"sk":{"a":0,"k":0,"ix":4},"sa":{"a":0,"k":0,"ix":5},"nm":"Transform"}],"nm":"Ellipse 1","np":3,"cix":2,"bm":0,"ix":1,"mn":"ADBE Vector Group","hd":false}],"ip":0,"op":720,"st":0,"bm":0},{"ddd":0,"ind":5,"ty":4,"nm":"Shape Layer 2","sr":1,"ks":{"o":{"a":1,"k":[{"i":{"x":[0.554],"y":[1]},"o":{"x":[0.515],"y":[0]},"t":0,"s":[0]},{"i":{"x":[0.471],"y":[0.128]},"o":{"x":[0.184],"y":[-0.078]},"t":2,"s":[53]},{"i":{"x":[0.31],"y":[1]},"o":{"x":[0.333],"y":[0]},"t":5,"s":[53]},{"i":{"x":[0.31],"y":[1]},"o":{"x":[0.333],"y":[0]},"t":12,"s":[0]},{"i":{"x":[0.168],"y":[1]},"o":{"x":[0.333],"y":[0]},"t":24,"s":[0]},{"i":{"x":[0.168],"y":[1]},"o":{"x":[0.333],"y":[0]},"t":26,"s":[53]},{"i":{"x":[0.31],"y":[1]},"o":{"x":[0.333],"y":[0]},"t":41,"s":[53]},{"i":{"x":[0.667],"y":[1]},"o":{"x":[0.333],"y":[0]},"t":46,"s":[0]},{"i":{"x":[0.554],"y":[1]},"o":{"x":[0.515],"y":[0]},"t":57,"s":[0]},{"i":{"x":[0.471],"y":[0.128]},"o":{"x":[0.184],"y":[-0.078]},"t":59,"s":[53]},{"i":{"x":[0.31],"y":[1]},"o":{"x":[0.333],"y":[0]},"t":62,"s":[53]},{"i":{"x":[0.31],"y":[1]},"o":{"x":[0.333],"y":[0]},"t":69,"s":[0]},{"i":{"x":[0.168],"y":[1]},"o":{"x":[0.333],"y":[0]},"t":81,"s":[0]},{"i":{"x":[0.168],"y":[1]},"o":{"x":[0.333],"y":[0]},"t":83,"s":[53]},{"i":{"x":[0.31],"y":[1]},"o":{"x":[0.333],"y":[0]},"t":100,"s":[53]},{"i":{"x":[0.667],"y":[1]},"o":{"x":[0.333],"y":[0]},"t":105,"s":[0]},{"i":{"x":[0.554],"y":[1]},"o":{"x":[0.515],"y":[0]},"t":122,"s":[0]},{"i":{"x":[0.471],"y":[-3.649]},"o":{"x":[0.184],"y":[-0.417]},"t":124,"s":[53]},{"i":{"x":[0.31],"y":[1]},"o":{"x":[0.333],"y":[0]},"t":140,"s":[53]},{"i":{"x":[0.31],"y":[1]},"o":{"x":[0.333],"y":[0]},"t":147,"s":[0]},{"i":{"x":[0.168],"y":[1]},"o":{"x":[0.333],"y":[0]},"t":159,"s":[0]},{"i":{"x":[0.168],"y":[1]},"o":{"x":[0.333],"y":[0]},"t":161,"s":[53]},{"i":{"x":[0.31],"y":[1]},"o":{"x":[0.333],"y":[0]},"t":166,"s":[53]},{"i":{"x":[0.667],"y":[1]},"o":{"x":[0.333],"y":[0]},"t":171,"s":[0]},{"i":{"x":[0.554],"y":[1]},"o":{"x":[0.515],"y":[0]},"t":191,"s":[0]},{"i":{"x":[0.471],"y":[0.128]},"o":{"x":[0.184],"y":[-0.078]},"t":193,"s":[53]},{"i":{"x":[0.31],"y":[1]},"o":{"x":[0.333],"y":[0]},"t":196,"s":[53]},{"i":{"x":[0.31],"y":[1]},"o":{"x":[0.333],"y":[0]},"t":203,"s":[0]},{"i":{"x":[0.168],"y":[1]},"o":{"x":[0.333],"y":[0]},"t":215,"s":[0]},{"i":{"x":[0.168],"y":[1]},"o":{"x":[0.333],"y":[0]},"t":217,"s":[53]},{"i":{"x":[0.31],"y":[1]},"o":{"x":[0.333],"y":[0]},"t":222,"s":[53]},{"t":227,"s":[0]}],"ix":11},"r":{"a":0,"k":0,"ix":10},"p":{"a":1,"k":[{"i":{"x":0.459,"y":1},"o":{"x":0.333,"y":0},"t":4,"s":[35.468,109.968,0],"to":[0,-8.75,0],"ti":[0,0,0]},{"i":{"x":0.667,"y":1},"o":{"x":0.333,"y":0},"t":12,"s":[35.468,57.468,0],"to":[0,0,0],"ti":[0,0,0]},{"i":{"x":0.459,"y":1},"o":{"x":0.333,"y":0},"t":24,"s":[35.468,109.968,0],"to":[0,0,0],"ti":[0,0,0]},{"i":{"x":0.833,"y":1},"o":{"x":0.333,"y":0},"t":46,"s":[35.468,57.468,0],"to":[0,0,0],"ti":[0,0,0]},{"i":{"x":0.459,"y":1},"o":{"x":0.333,"y":0},"t":57,"s":[35.468,109.968,0],"to":[0,0,0],"ti":[0,0,0]},{"i":{"x":0.667,"y":1},"o":{"x":0.333,"y":0},"t":69,"s":[35.468,57.468,0],"to":[0,0,0],"ti":[0,0,0]},{"i":{"x":0.459,"y":1},"o":{"x":0.333,"y":0},"t":81,"s":[35.468,109.968,0],"to":[0,0,0],"ti":[0,0,0]},{"i":{"x":0.833,"y":1},"o":{"x":0.333,"y":0},"t":105,"s":[35.468,57.468,0],"to":[0,0,0],"ti":[0,0,0]},{"i":{"x":0.459,"y":1},"o":{"x":0.333,"y":0},"t":122,"s":[35.468,109.968,0],"to":[0,0,0],"ti":[0,0,0]},{"i":{"x":0.667,"y":1},"o":{"x":0.333,"y":0},"t":147,"s":[35.468,57.468,0],"to":[0,0,0],"ti":[0,0,0]},{"i":{"x":0.459,"y":1},"o":{"x":0.333,"y":0},"t":159,"s":[35.468,109.968,0],"to":[0,0,0],"ti":[0,0,0]},{"i":{"x":0.833,"y":1},"o":{"x":0.333,"y":0},"t":171,"s":[35.468,57.468,0],"to":[0,0,0],"ti":[0,0,0]},{"i":{"x":0.459,"y":1},"o":{"x":0.333,"y":0},"t":191,"s":[35.468,109.968,0],"to":[0,0,0],"ti":[0,0,0]},{"i":{"x":0.667,"y":1},"o":{"x":0.333,"y":0},"t":203,"s":[35.468,57.468,0],"to":[0,0,0],"ti":[0,0,0]},{"i":{"x":0.459,"y":1},"o":{"x":0.333,"y":0},"t":215,"s":[35.468,109.968,0],"to":[0,0,0],"ti":[0,8.75,0]},{"t":227,"s":[35.468,57.468,0]}],"ix":2},"a":{"a":0,"k":[-14.782,12.968,0],"ix":1},"s":{"a":0,"k":[100,100,100],"ix":6}},"ao":0,"shapes":[{"ty":"gr","it":[{"d":1,"ty":"el","s":{"a":0,"k":[4.436,4.436],"ix":2},"p":{"a":0,"k":[0,0],"ix":3},"nm":"Ellipse Path 1","mn":"ADBE Vector Shape - Ellipse","hd":false},{"ty":"st","c":{"a":0,"k":[1,1,1,1],"ix":3},"o":{"a":0,"k":100,"ix":4},"w":{"a":0,"k":2,"ix":5},"lc":1,"lj":1,"ml":4,"bm":0,"nm":"Stroke 1","mn":"ADBE Vector Graphic - Stroke","hd":false},{"ty":"fl","c":{"a":0,"k":[1,1,1,1],"ix":4},"o":{"a":0,"k":100,"ix":5},"r":1,"bm":0,"nm":"Fill 1","mn":"ADBE Vector Graphic - Fill","hd":false},{"ty":"tr","p":{"a":0,"k":[-14.782,12.968],"ix":2},"a":{"a":0,"k":[0,0],"ix":1},"s":{"a":0,"k":[100,100],"ix":3},"r":{"a":0,"k":0,"ix":6},"o":{"a":0,"k":100,"ix":7},"sk":{"a":0,"k":0,"ix":4},"sa":{"a":0,"k":0,"ix":5},"nm":"Transform"}],"nm":"Ellipse 1","np":3,"cix":2,"bm":0,"ix":1,"mn":"ADBE Vector Group","hd":false}],"ip":0,"op":720,"st":0,"bm":0},{"ddd":0,"ind":6,"ty":4,"nm":"Shape Layer 1","sr":1,"ks":{"o":{"a":0,"k":100,"ix":11},"r":{"a":0,"k":0,"ix":10},"p":{"a":0,"k":[48,75.25,0],"ix":2},"a":{"a":0,"k":[0,0,0],"ix":1},"s":{"a":0,"k":[282,-282,100],"ix":6}},"ao":0,"shapes":[{"ind":0,"ty":"sh","ix":1,"ks":{"a":0,"k":{"i":[[1.327,0],[1.185,-0.605],[0,0],[-0.084,-0.866],[0,0],[-1.14,-0.661],[0,0],[-1.329,0],[-1.185,0.606],[0,0],[0.093,0.872],[0,0],[1.131,0.655],[0,0]],"o":[[-1.328,0],[0,0],[-1.13,0.658],[0,0],[-0.092,0.871],[0,0],[1.187,0.606],[1.329,0],[0,0],[1.139,-0.669],[0,0],[0.081,-0.865],[0,0],[-1.185,-0.605]],"v":[[-0.084,-17.822],[-3.905,-16.9],[-6.509,-15.382],[-8.08,-12.973],[-8.079,19.179],[-6.509,21.598],[-3.945,23.105],[-0.119,24.028],[3.706,23.105],[6.33,21.598],[7.901,19.166],[7.902,-12.983],[6.33,-15.382],[3.736,-16.9]],"c":true},"ix":2},"nm":"Path 1","mn":"ADBE Vector Shape - Group","hd":false},{"ty":"gf","o":{"a":0,"k":45,"ix":10},"r":1,"bm":0,"g":{"p":5,"k":{"a":0,"k":[0,0.799,0.739,1,0.067,0.713,0.621,0.999,0.135,0.626,0.503,0.997,0.567,0.813,0.252,0.856,1,1,0,0.716,0,1,0.061,0.87,0.127,0.74,0.266,0.37,0.49,0],"ix":9}},"s":{"a":1,"k":[{"i":{"x":0.198,"y":1},"o":{"x":0.333,"y":0},"t":0,"s":[0,-17],"to":[0,-0.833],"ti":[0,0]},{"i":{"x":0.667,"y":1},"o":{"x":0.167,"y":0},"t":24,"s":[0,-22],"to":[0,0],"ti":[0,0]},{"i":{"x":0.198,"y":1},"o":{"x":0.167,"y":0},"t":48,"s":[0,-17],"to":[0,0],"ti":[0,0]},{"i":{"x":0.667,"y":1},"o":{"x":0.167,"y":0},"t":72,"s":[0,-22],"to":[0,0],"ti":[0,-0.833]},{"i":{"x":0.667,"y":0.667},"o":{"x":0.167,"y":0.167},"t":96,"s":[0,-17],"to":[0,0],"ti":[0,0]},{"t":112,"s":[0,-17]}],"ix":5},"e":{"a":1,"k":[{"i":{"x":0.198,"y":1},"o":{"x":0.333,"y":0},"t":0,"s":[-54,12],"to":[2.167,-1.333],"ti":[0,0]},{"i":{"x":0.667,"y":1},"o":{"x":0.167,"y":0},"t":24,"s":[-41,4],"to":[0,0],"ti":[0,0]},{"i":{"x":0.198,"y":1},"o":{"x":0.167,"y":0},"t":48,"s":[-54,12],"to":[0,0],"ti":[0,0]},{"i":{"x":0.667,"y":1},"o":{"x":0.167,"y":0},"t":72,"s":[-41,4],"to":[0,0],"ti":[2.167,-1.333]},{"i":{"x":0.667,"y":0.667},"o":{"x":0.167,"y":0.167},"t":96,"s":[-54,12],"to":[0,0],"ti":[0,0]},{"t":112,"s":[-54,12]}],"ix":6},"t":2,"h":{"a":0,"k":0,"ix":7},"a":{"a":0,"k":0,"ix":8},"nm":"Gradient Fill 1","mn":"ADBE Vector Graphic - G-Fill","hd":false}],"ip":0,"op":721,"st":0,"bm":2},{"ddd":0,"ind":7,"ty":2,"nm":"Artwork 14","refId":"image_0","sr":1,"ks":{"o":{"a":0,"k":100,"ix":11},"r":{"a":0,"k":0,"ix":10},"p":{"a":0,"k":[48,124,0],"ix":2},"a":{"a":0,"k":[326,250,0],"ix":1},"s":{"a":0,"k":[12,12,100],"ix":6}},"ao":0,"ip":0,"op":721,"st":0,"bm":0}]}],"layers":[{"ddd":0,"ind":1,"ty":0,"nm":"block","refId":"comp_0","sr":1,"ks":{"o":{"a":0,"k":100,"ix":11},"r":{"a":0,"k":0,"ix":10},"p":{"a":0,"k":[320,329,0],"ix":2},"a":{"a":0,"k":[48,80,0],"ix":1},"s":{"a":0,"k":[100,100,100],"ix":6}},"ao":0,"w":96,"h":160,"ip":0,"op":720,"st":0,"bm":0},{"ddd":0,"ind":2,"ty":2,"nm":"Artwork 7","refId":"image_1","sr":1,"ks":{"o":{"a":0,"k":100,"ix":11},"r":{"a":0,"k":0,"ix":10},"p":{"a":1,"k":[{"i":{"x":0.314,"y":1},"o":{"x":0.333,"y":0},"t":19,"s":[365,154,0],"to":[0,-5.333,0],"ti":[0,0,0]},{"i":{"x":0.108,"y":1},"o":{"x":0.333,"y":0},"t":41,"s":[365,122,0],"to":[0,0,0],"ti":[0,-5.333,0]},{"i":{"x":0.667,"y":0.667},"o":{"x":0.333,"y":0.333},"t":57,"s":[365,154,0],"to":[0,0,0],"ti":[0,0,0]},{"i":{"x":0.314,"y":1},"o":{"x":0.333,"y":0},"t":69,"s":[365,154,0],"to":[0,-5.333,0],"ti":[0,0,0]},{"i":{"x":0.833,"y":1},"o":{"x":0.333,"y":0},"t":92,"s":[365,122,0],"to":[0,0,0],"ti":[0,-5.333,0]},{"t":108,"s":[365,154,0]}],"ix":2},"a":{"a":0,"k":[135.5,158.5,0],"ix":1},"s":{"a":1,"k":[{"i":{"x":[0.314,0.314,0.667],"y":[1,1,1]},"o":{"x":[0.333,0.333,0.333],"y":[0,0,0]},"t":19,"s":[28,28,100]},{"i":{"x":[0.108,0.108,0.667],"y":[1,1,1]},"o":{"x":[0.333,0.333,0.333],"y":[0,0,0]},"t":41,"s":[32,32,100]},{"i":{"x":[0.667,0.667,0.667],"y":[1,1,1]},"o":{"x":[0.333,0.333,0.333],"y":[0,0,0]},"t":57,"s":[28,28,100]},{"i":{"x":[0.314,0.314,0.667],"y":[1,1,1]},"o":{"x":[0.333,0.333,0.333],"y":[0,0,0]},"t":69,"s":[32,32,100]},{"i":{"x":[0.833,0.833,0.833],"y":[1,1,1]},"o":{"x":[0.333,0.333,0.333],"y":[0,0,0]},"t":92,"s":[28,28,100]},{"t":108,"s":[28,28,100]}],"ix":6}},"ao":0,"ip":0,"op":120,"st":0,"bm":0},{"ddd":0,"ind":3,"ty":2,"nm":"Artwork 6","refId":"image_2","sr":1,"ks":{"o":{"a":0,"k":100,"ix":11},"r":{"a":0,"k":0,"ix":10},"p":{"a":0,"k":[312,220,0],"ix":2},"a":{"a":0,"k":[259,175.5,0],"ix":1},"s":{"a":0,"k":[50,50,100],"ix":6}},"ao":0,"ip":0,"op":120,"st":0,"bm":0},{"ddd":0,"ind":4,"ty":0,"nm":"block","refId":"comp_0","sr":1,"ks":{"o":{"a":0,"k":100,"ix":11},"r":{"a":0,"k":0,"ix":10},"p":{"a":0,"k":[320,81,0],"ix":2},"a":{"a":0,"k":[48,80,0],"ix":1},"s":{"a":0,"k":[100,100,100],"ix":6}},"ao":0,"w":96,"h":160,"ip":0,"op":720,"st":0,"bm":0},{"ddd":0,"ind":5,"ty":0,"nm":"block","refId":"comp_0","sr":1,"ks":{"o":{"a":0,"k":100,"ix":11},"r":{"a":0,"k":0,"ix":10},"p":{"a":0,"k":[96,198,0],"ix":2},"a":{"a":0,"k":[48,80,0],"ix":1},"s":{"a":0,"k":[100,100,100],"ix":6}},"ao":0,"w":96,"h":160,"ip":0,"op":720,"st":0,"bm":0},{"ddd":0,"ind":6,"ty":0,"nm":"block","refId":"comp_0","sr":1,"ks":{"o":{"a":0,"k":100,"ix":11},"r":{"a":0,"k":0,"ix":10},"p":{"a":0,"k":[550,198,0],"ix":2},"a":{"a":0,"k":[48,80,0],"ix":1},"s":{"a":0,"k":[100,100,100],"ix":6}},"ao":0,"w":96,"h":160,"ip":0,"op":720,"st":0,"bm":0},{"ddd":0,"ind":7,"ty":4,"nm":"line.crowd 5","cl":"crowd","sr":1,"ks":{"o":{"a":0,"k":100,"ix":11},"r":{"a":0,"k":0,"ix":10},"p":{"a":0,"k":[448.75,271.423,0],"ix":2},"a":{"a":0,"k":[-138.75,61.423,0],"ix":1},"s":{"a":0,"k":[100,100,100],"ix":6}},"ao":0,"ef":[{"ty":25,"nm":"Drop Shadow","np":8,"mn":"ADBE Drop Shadow","ix":1,"en":1,"ef":[{"ty":2,"nm":"Shadow Color","mn":"ADBE Drop Shadow-0001","ix":1,"v":{"a":0,"k":[0,0,0,1],"ix":1}},{"ty":0,"nm":"Opacity","mn":"ADBE Drop Shadow-0002","ix":2,"v":{"a":0,"k":153,"ix":2}},{"ty":0,"nm":"Direction","mn":"ADBE Drop Shadow-0003","ix":3,"v":{"a":0,"k":0,"ix":3}},{"ty":0,"nm":"Distance","mn":"ADBE Drop Shadow-0004","ix":4,"v":{"a":0,"k":6,"ix":4}},{"ty":0,"nm":"Softness","mn":"ADBE Drop Shadow-0005","ix":5,"v":{"a":0,"k":20,"ix":5}},{"ty":7,"nm":"Shadow Only","mn":"ADBE Drop Shadow-0006","ix":6,"v":{"a":0,"k":0,"ix":6}}]}],"shapes":[{"ty":"gr","it":[{"ind":0,"ty":"sh","ix":1,"ks":{"a":1,"k":[{"i":{"x":0.833,"y":0.833},"o":{"x":0.167,"y":0.167},"t":18,"s":[{"i":[[0,0],[0,0],[0,0]],"o":[[0,0],[0,0],[0,0]],"v":[[-265.993,142.464],[-267.986,142.464],[-267,58.442]],"c":false}]},{"i":{"x":0.833,"y":0.833},"o":{"x":0.167,"y":0.167},"t":21,"s":[{"i":[[0,0],[0,0],[0,0]],"o":[[0,0],[0,0],[0,0]],"v":[[-265.993,142.464],[-267.986,142.464],[-267,58.442]],"c":false}]},{"i":{"x":0.833,"y":0.833},"o":{"x":0.167,"y":0.167},"t":47,"s":[{"i":[[0,0],[0,0],[0,0]],"o":[[0,0],[0,0],[0,0]],"v":[[-265.993,142.464],[-267.986,142.464],[-267,58.442]],"c":false}]},{"t":49,"s":[{"i":[[0,0],[0,0],[0,0]],"o":[[0,0],[0,0],[0,0]],"v":[[-265.993,142.464],[-267.986,142.464],[-267,58.442]],"c":false}]}],"ix":2},"nm":"Path 1","mn":"ADBE Vector Shape - Group","hd":false},{"ty":"gs","o":{"a":0,"k":100,"ix":9},"w":{"a":0,"k":5,"ix":10},"g":{"p":3,"k":{"a":0,"k":[0.003,1,0.808,0.208,0.502,1,0.488,0.388,1,1,0.169,0.569,0,0.99,0.521,0.995,0.758,1],"ix":8}},"s":{"a":0,"k":[-220.969,51.58],"ix":4},"e":{"a":0,"k":[-67.449,76.298],"ix":5},"t":1,"lc":2,"lj":2,"bm":0,"nm":"Gradient Stroke 1","mn":"ADBE Vector Graphic - G-Stroke","hd":false},{"ty":"tr","p":{"a":0,"k":[0,0],"ix":2},"a":{"a":0,"k":[0,0],"ix":1},"s":{"a":0,"k":[100,100.568],"ix":3},"r":{"a":0,"k":0,"ix":6},"o":{"a":0,"k":100,"ix":7},"sk":{"a":0,"k":0,"ix":4},"sa":{"a":0,"k":0,"ix":5},"nm":"Transform"}],"nm":"Shape 1","np":2,"cix":2,"bm":0,"ix":1,"mn":"ADBE Vector Group","hd":false},{"ty":"tm","s":{"a":1,"k":[{"i":{"x":[0.667],"y":[1]},"o":{"x":[0.333],"y":[0]},"t":18,"s":[0]},{"i":{"x":[0.059],"y":[1]},"o":{"x":[0.333],"y":[0]},"t":37,"s":[0]},{"i":{"x":[0.667],"y":[1]},"o":{"x":[0.167],"y":[0]},"t":55,"s":[100]},{"i":{"x":[0.667],"y":[1]},"o":{"x":[0.333],"y":[0]},"t":62,"s":[0]},{"i":{"x":[0.059],"y":[1]},"o":{"x":[0.333],"y":[0]},"t":81,"s":[0]},{"t":140,"s":[100]}],"ix":1},"e":{"a":1,"k":[{"i":{"x":[0.084],"y":[1]},"o":{"x":[0.333],"y":[0]},"t":18,"s":[0]},{"i":{"x":[0.833],"y":[1]},"o":{"x":[0.333],"y":[0]},"t":37,"s":[100]},{"i":{"x":[0.667],"y":[1]},"o":{"x":[0.167],"y":[0]},"t":55,"s":[100]},{"i":{"x":[0.084],"y":[1]},"o":{"x":[0.333],"y":[0]},"t":62,"s":[0]},{"i":{"x":[0.833],"y":[1]},"o":{"x":[0.333],"y":[0]},"t":81,"s":[100]},{"t":140,"s":[100]}],"ix":2},"o":{"a":0,"k":0,"ix":3},"m":1,"ix":2,"nm":"Trim Paths 1","mn":"ADBE Vector Filter - Trim","hd":false}],"ip":0,"op":240,"st":0,"bm":0},{"ddd":0,"ind":8,"ty":4,"nm":"line.crowd 4","cl":"crowd","sr":1,"ks":{"o":{"a":0,"k":100,"ix":11},"r":{"a":0,"k":0,"ix":10},"p":{"a":0,"k":[448.75,271.423,0],"ix":2},"a":{"a":0,"k":[-138.75,61.423,0],"ix":1},"s":{"a":0,"k":[100,100,100],"ix":6}},"ao":0,"ef":[{"ty":25,"nm":"Drop Shadow","np":8,"mn":"ADBE Drop Shadow","ix":1,"en":1,"ef":[{"ty":2,"nm":"Shadow Color","mn":"ADBE Drop Shadow-0001","ix":1,"v":{"a":0,"k":[0,0,0,1],"ix":1}},{"ty":0,"nm":"Opacity","mn":"ADBE Drop Shadow-0002","ix":2,"v":{"a":0,"k":153,"ix":2}},{"ty":0,"nm":"Direction","mn":"ADBE Drop Shadow-0003","ix":3,"v":{"a":0,"k":0,"ix":3}},{"ty":0,"nm":"Distance","mn":"ADBE Drop Shadow-0004","ix":4,"v":{"a":0,"k":6,"ix":4}},{"ty":0,"nm":"Softness","mn":"ADBE Drop Shadow-0005","ix":5,"v":{"a":0,"k":20,"ix":5}},{"ty":7,"nm":"Shadow Only","mn":"ADBE Drop Shadow-0006","ix":6,"v":{"a":0,"k":0,"ix":6}}]}],"shapes":[{"ty":"gr","it":[{"ind":0,"ty":"sh","ix":1,"ks":{"a":1,"k":[{"i":{"x":0.833,"y":0.833},"o":{"x":0.167,"y":0.167},"t":18,"s":[{"i":[[0,0],[0,0],[0,0]],"o":[[0,0],[0,0],[0,0]],"v":[[-266,-73.31],[-267.993,-73.31],[-267,9.221]],"c":false}]},{"i":{"x":0.833,"y":0.833},"o":{"x":0.167,"y":0.167},"t":21,"s":[{"i":[[0,0],[0,0],[0,0]],"o":[[0,0],[0,0],[0,0]],"v":[[-266,-73.31],[-267.993,-73.31],[-267,9.221]],"c":false}]},{"i":{"x":0.833,"y":0.833},"o":{"x":0.167,"y":0.167},"t":47,"s":[{"i":[[0,0],[0,0],[0,0]],"o":[[0,0],[0,0],[0,0]],"v":[[-266,-73.31],[-267.993,-73.31],[-267,9.221]],"c":false}]},{"t":49,"s":[{"i":[[0,0],[0,0],[0,0]],"o":[[0,0],[0,0],[0,0]],"v":[[-266,-73.31],[-267.993,-73.31],[-267,9.221]],"c":false}]}],"ix":2},"nm":"Path 1","mn":"ADBE Vector Shape - Group","hd":false},{"ty":"gs","o":{"a":0,"k":100,"ix":9},"w":{"a":0,"k":5,"ix":10},"g":{"p":3,"k":{"a":0,"k":[0.003,1,0.808,0.208,0.502,1,0.488,0.388,1,1,0.169,0.569,0,0.99,0.521,0.995,0.758,1],"ix":8}},"s":{"a":0,"k":[-220.969,51.58],"ix":4},"e":{"a":0,"k":[-67.449,76.298],"ix":5},"t":1,"lc":2,"lj":2,"bm":0,"nm":"Gradient Stroke 1","mn":"ADBE Vector Graphic - G-Stroke","hd":false},{"ty":"tr","p":{"a":0,"k":[0,0],"ix":2},"a":{"a":0,"k":[0,0],"ix":1},"s":{"a":0,"k":[100,100.568],"ix":3},"r":{"a":0,"k":0,"ix":6},"o":{"a":0,"k":100,"ix":7},"sk":{"a":0,"k":0,"ix":4},"sa":{"a":0,"k":0,"ix":5},"nm":"Transform"}],"nm":"Shape 1","np":2,"cix":2,"bm":0,"ix":1,"mn":"ADBE Vector Group","hd":false},{"ty":"tm","s":{"a":1,"k":[{"i":{"x":[0.667],"y":[1]},"o":{"x":[0.333],"y":[0]},"t":18,"s":[0]},{"i":{"x":[0.059],"y":[1]},"o":{"x":[0.333],"y":[0]},"t":37,"s":[0]},{"i":{"x":[0.667],"y":[1]},"o":{"x":[0.167],"y":[0]},"t":55,"s":[100]},{"i":{"x":[0.667],"y":[1]},"o":{"x":[0.333],"y":[0]},"t":62,"s":[0]},{"i":{"x":[0.059],"y":[1]},"o":{"x":[0.333],"y":[0]},"t":81,"s":[0]},{"t":140,"s":[100]}],"ix":1},"e":{"a":1,"k":[{"i":{"x":[0.084],"y":[1]},"o":{"x":[0.333],"y":[0]},"t":18,"s":[0]},{"i":{"x":[0.833],"y":[1]},"o":{"x":[0.333],"y":[0]},"t":37,"s":[100]},{"i":{"x":[0.667],"y":[1]},"o":{"x":[0.167],"y":[0]},"t":55,"s":[100]},{"i":{"x":[0.084],"y":[1]},"o":{"x":[0.333],"y":[0]},"t":62,"s":[0]},{"i":{"x":[0.833],"y":[1]},"o":{"x":[0.333],"y":[0]},"t":81,"s":[100]},{"t":140,"s":[100]}],"ix":2},"o":{"a":0,"k":0,"ix":3},"m":1,"ix":2,"nm":"Trim Paths 1","mn":"ADBE Vector Filter - Trim","hd":false}],"ip":0,"op":240,"st":0,"bm":0},{"ddd":0,"ind":9,"ty":4,"nm":"line.crowd 3","cl":"crowd","sr":1,"ks":{"o":{"a":0,"k":100,"ix":11},"r":{"a":0,"k":0,"ix":10},"p":{"a":0,"k":[448.75,271.423,0],"ix":2},"a":{"a":0,"k":[-138.75,61.423,0],"ix":1},"s":{"a":0,"k":[100,100,100],"ix":6}},"ao":0,"ef":[{"ty":25,"nm":"Drop Shadow","np":8,"mn":"ADBE Drop Shadow","ix":1,"en":1,"ef":[{"ty":2,"nm":"Shadow Color","mn":"ADBE Drop Shadow-0001","ix":1,"v":{"a":0,"k":[0,0,0,1],"ix":1}},{"ty":0,"nm":"Opacity","mn":"ADBE Drop Shadow-0002","ix":2,"v":{"a":0,"k":153,"ix":2}},{"ty":0,"nm":"Direction","mn":"ADBE Drop Shadow-0003","ix":3,"v":{"a":0,"k":0,"ix":3}},{"ty":0,"nm":"Distance","mn":"ADBE Drop Shadow-0004","ix":4,"v":{"a":0,"k":6,"ix":4}},{"ty":0,"nm":"Softness","mn":"ADBE Drop Shadow-0005","ix":5,"v":{"a":0,"k":20,"ix":5}},{"ty":7,"nm":"Shadow Only","mn":"ADBE Drop Shadow-0006","ix":6,"v":{"a":0,"k":0,"ix":6}}]}],"shapes":[{"ty":"gr","it":[{"ind":0,"ty":"sh","ix":1,"ks":{"a":1,"k":[{"i":{"x":0.833,"y":0.833},"o":{"x":0.167,"y":0.167},"t":18,"s":[{"i":[[0,0],[0,0],[0,0]],"o":[[0,0],[0,0],[0,0]],"v":[[-467.75,26.125],[-469.743,26.125],[-345.5,26.125]],"c":false}]},{"i":{"x":0.833,"y":0.833},"o":{"x":0.167,"y":0.167},"t":21,"s":[{"i":[[0,0],[0,0],[0,0]],"o":[[0,0],[0,0],[0,0]],"v":[[-467.75,26.125],[-469.743,26.125],[-345.5,26.125]],"c":false}]},{"i":{"x":0.833,"y":0.833},"o":{"x":0.167,"y":0.167},"t":47,"s":[{"i":[[0,0],[0,0],[0,0]],"o":[[0,0],[0,0],[0,0]],"v":[[-467.75,26.125],[-469.743,26.125],[-345.5,26.125]],"c":false}]},{"t":49,"s":[{"i":[[0,0],[0,0],[0,0]],"o":[[0,0],[0,0],[0,0]],"v":[[-467.75,26.125],[-469.743,26.125],[-345.5,26.125]],"c":false}]}],"ix":2},"nm":"Path 1","mn":"ADBE Vector Shape - Group","hd":false},{"ty":"gs","o":{"a":0,"k":100,"ix":9},"w":{"a":0,"k":5,"ix":10},"g":{"p":3,"k":{"a":0,"k":[0.003,1,0.808,0.208,0.502,1,0.488,0.388,1,1,0.169,0.569,0,0.99,0.521,0.995,0.758,1],"ix":8}},"s":{"a":0,"k":[-220.969,51.58],"ix":4},"e":{"a":0,"k":[-67.449,76.298],"ix":5},"t":1,"lc":2,"lj":2,"bm":0,"nm":"Gradient Stroke 1","mn":"ADBE Vector Graphic - G-Stroke","hd":false},{"ty":"tr","p":{"a":0,"k":[0,0],"ix":2},"a":{"a":0,"k":[0,0],"ix":1},"s":{"a":0,"k":[100,100.568],"ix":3},"r":{"a":0,"k":0,"ix":6},"o":{"a":0,"k":100,"ix":7},"sk":{"a":0,"k":0,"ix":4},"sa":{"a":0,"k":0,"ix":5},"nm":"Transform"}],"nm":"Shape 1","np":2,"cix":2,"bm":0,"ix":1,"mn":"ADBE Vector Group","hd":false},{"ty":"tm","s":{"a":1,"k":[{"i":{"x":[0.667],"y":[1]},"o":{"x":[0.333],"y":[0]},"t":18,"s":[0]},{"i":{"x":[0.059],"y":[1]},"o":{"x":[0.333],"y":[0]},"t":37,"s":[0]},{"i":{"x":[0.667],"y":[1]},"o":{"x":[0.167],"y":[0]},"t":55,"s":[100]},{"i":{"x":[0.667],"y":[1]},"o":{"x":[0.333],"y":[0]},"t":62,"s":[0]},{"i":{"x":[0.059],"y":[1]},"o":{"x":[0.333],"y":[0]},"t":81,"s":[0]},{"t":140,"s":[100]}],"ix":1},"e":{"a":1,"k":[{"i":{"x":[0.084],"y":[1]},"o":{"x":[0.333],"y":[0]},"t":18,"s":[0]},{"i":{"x":[0.833],"y":[1]},"o":{"x":[0.333],"y":[0]},"t":37,"s":[100]},{"i":{"x":[0.667],"y":[1]},"o":{"x":[0.167],"y":[0]},"t":55,"s":[100]},{"i":{"x":[0.084],"y":[1]},"o":{"x":[0.333],"y":[0]},"t":62,"s":[0]},{"i":{"x":[0.833],"y":[1]},"o":{"x":[0.333],"y":[0]},"t":81,"s":[100]},{"t":140,"s":[100]}],"ix":2},"o":{"a":0,"k":0,"ix":3},"m":1,"ix":2,"nm":"Trim Paths 1","mn":"ADBE Vector Filter - Trim","hd":false}],"ip":0,"op":240,"st":0,"bm":0},{"ddd":0,"ind":10,"ty":4,"nm":"line.crowd 2","cl":"crowd","sr":1,"ks":{"o":{"a":0,"k":100,"ix":11},"r":{"a":0,"k":0,"ix":10},"p":{"a":0,"k":[448.75,271.423,0],"ix":2},"a":{"a":0,"k":[-138.75,61.423,0],"ix":1},"s":{"a":0,"k":[100,100,100],"ix":6}},"ao":0,"ef":[{"ty":25,"nm":"Drop Shadow","np":8,"mn":"ADBE Drop Shadow","ix":1,"en":1,"ef":[{"ty":2,"nm":"Shadow Color","mn":"ADBE Drop Shadow-0001","ix":1,"v":{"a":0,"k":[0,0,0,1],"ix":1}},{"ty":0,"nm":"Opacity","mn":"ADBE Drop Shadow-0002","ix":2,"v":{"a":0,"k":153,"ix":2}},{"ty":0,"nm":"Direction","mn":"ADBE Drop Shadow-0003","ix":3,"v":{"a":0,"k":0,"ix":3}},{"ty":0,"nm":"Distance","mn":"ADBE Drop Shadow-0004","ix":4,"v":{"a":0,"k":6,"ix":4}},{"ty":0,"nm":"Softness","mn":"ADBE Drop Shadow-0005","ix":5,"v":{"a":0,"k":20,"ix":5}},{"ty":7,"nm":"Shadow Only","mn":"ADBE Drop Shadow-0006","ix":6,"v":{"a":0,"k":0,"ix":6}}]}],"shapes":[{"ty":"gr","it":[{"ind":0,"ty":"sh","ix":1,"ks":{"a":1,"k":[{"i":{"x":0.833,"y":0.833},"o":{"x":0.167,"y":0.167},"t":18,"s":[{"i":[[0,0],[0,0],[0,0]],"o":[[0,0],[0,0],[0,0]],"v":[[-62.25,26.312],[-64.243,26.312],[-209,26.312]],"c":false}]},{"i":{"x":0.833,"y":0.833},"o":{"x":0.167,"y":0.167},"t":21,"s":[{"i":[[0,0],[0,0],[0,0]],"o":[[0,0],[0,0],[0,0]],"v":[[-62.25,26.312],[-64.243,26.312],[-209,26.312]],"c":false}]},{"i":{"x":0.833,"y":0.833},"o":{"x":0.167,"y":0.167},"t":47,"s":[{"i":[[0,0],[0,0],[0,0]],"o":[[0,0],[0,0],[0,0]],"v":[[-62.25,26.312],[-64.243,26.312],[-209,26.312]],"c":false}]},{"t":49,"s":[{"i":[[0,0],[0,0],[0,0]],"o":[[0,0],[0,0],[0,0]],"v":[[-62.25,26.312],[-64.243,26.312],[-209,26.312]],"c":false}]}],"ix":2},"nm":"Path 1","mn":"ADBE Vector Shape - Group","hd":false},{"ty":"gs","o":{"a":0,"k":100,"ix":9},"w":{"a":0,"k":5,"ix":10},"g":{"p":3,"k":{"a":0,"k":[0.003,1,0.808,0.208,0.502,1,0.488,0.388,1,1,0.169,0.569,0,0.99,0.521,0.995,0.758,1],"ix":8}},"s":{"a":0,"k":[-220.969,51.58],"ix":4},"e":{"a":0,"k":[-67.449,76.298],"ix":5},"t":1,"lc":2,"lj":2,"bm":0,"nm":"Gradient Stroke 1","mn":"ADBE Vector Graphic - G-Stroke","hd":false},{"ty":"tr","p":{"a":0,"k":[0,0],"ix":2},"a":{"a":0,"k":[0,0],"ix":1},"s":{"a":0,"k":[100,100.568],"ix":3},"r":{"a":0,"k":0,"ix":6},"o":{"a":0,"k":100,"ix":7},"sk":{"a":0,"k":0,"ix":4},"sa":{"a":0,"k":0,"ix":5},"nm":"Transform"}],"nm":"Shape 1","np":2,"cix":2,"bm":0,"ix":1,"mn":"ADBE Vector Group","hd":false},{"ty":"tm","s":{"a":1,"k":[{"i":{"x":[0.667],"y":[1]},"o":{"x":[0.333],"y":[0]},"t":18,"s":[0]},{"i":{"x":[0.059],"y":[1]},"o":{"x":[0.333],"y":[0]},"t":37,"s":[0]},{"i":{"x":[0.667],"y":[1]},"o":{"x":[0.167],"y":[0]},"t":55,"s":[100]},{"i":{"x":[0.667],"y":[1]},"o":{"x":[0.333],"y":[0]},"t":62,"s":[0]},{"i":{"x":[0.059],"y":[1]},"o":{"x":[0.333],"y":[0]},"t":81,"s":[0]},{"t":140,"s":[100]}],"ix":1},"e":{"a":1,"k":[{"i":{"x":[0.084],"y":[1]},"o":{"x":[0.333],"y":[0]},"t":18,"s":[0]},{"i":{"x":[0.833],"y":[1]},"o":{"x":[0.333],"y":[0]},"t":37,"s":[100]},{"i":{"x":[0.667],"y":[1]},"o":{"x":[0.167],"y":[0]},"t":55,"s":[100]},{"i":{"x":[0.084],"y":[1]},"o":{"x":[0.333],"y":[0]},"t":62,"s":[0]},{"i":{"x":[0.833],"y":[1]},"o":{"x":[0.333],"y":[0]},"t":81,"s":[100]},{"t":140,"s":[100]}],"ix":2},"o":{"a":0,"k":0,"ix":3},"m":1,"ix":2,"nm":"Trim Paths 1","mn":"ADBE Vector Filter - Trim","hd":false}],"ip":0,"op":240,"st":0,"bm":0},{"ddd":0,"ind":11,"ty":4,"nm":"Shape Layer 1","sr":1,"ks":{"o":{"a":0,"k":100,"ix":11},"r":{"a":0,"k":0,"ix":10},"p":{"a":0,"k":[320,210,0],"ix":2},"a":{"a":0,"k":[0,0,0],"ix":1},"s":{"a":0,"k":[100,100,100],"ix":6}},"ao":0,"shapes":[],"ip":0,"op":120,"st":0,"bm":0},{"ddd":0,"ind":12,"ty":2,"nm":"Artwork 9","refId":"image_3","sr":1,"ks":{"o":{"a":0,"k":100,"ix":11},"r":{"a":0,"k":0,"ix":10},"p":{"a":0,"k":[226,135,0],"ix":2},"a":{"a":0,"k":[127,227.5,0],"ix":1},"s":{"a":0,"k":[16,16,100],"ix":6}},"ao":0,"ip":0,"op":120,"st":0,"bm":0},{"ddd":0,"ind":13,"ty":2,"nm":"Artwork 8","refId":"image_4","sr":1,"ks":{"o":{"a":0,"k":100,"ix":11},"r":{"a":0,"k":0,"ix":10},"p":{"a":0,"k":[464,293,0],"ix":2},"a":{"a":0,"k":[262.5,170.5,0],"ix":1},"s":{"a":0,"k":[20,20,100],"ix":6}},"ao":0,"ip":0,"op":120,"st":0,"bm":0},{"ddd":0,"ind":14,"ty":2,"nm":"Artwork 10","refId":"image_5","sr":1,"ks":{"o":{"a":0,"k":100,"ix":11},"r":{"a":0,"k":0,"ix":10},"p":{"a":0,"k":[362,296,0],"ix":2},"a":{"a":0,"k":[195,142.5,0],"ix":1},"s":{"a":0,"k":[20,20,100],"ix":6}},"ao":0,"ip":0,"op":120,"st":0,"bm":0},{"ddd":0,"ind":15,"ty":2,"nm":"Artwork 11","refId":"image_6","sr":1,"ks":{"o":{"a":0,"k":100,"ix":11},"r":{"a":0,"k":0,"ix":10},"p":{"a":0,"k":[320,242,0],"ix":2},"a":{"a":0,"k":[242.5,141.5,0],"ix":1},"s":{"a":0,"k":[90,90,100],"ix":6}},"ao":0,"ip":0,"op":120,"st":0,"bm":0},{"ddd":0,"ind":16,"ty":4,"nm":"Shape Layer 2","sr":1,"ks":{"o":{"a":0,"k":100,"ix":11},"r":{"a":0,"k":0,"ix":10},"p":{"a":0,"k":[320,210,0],"ix":2},"a":{"a":0,"k":[0,0,0],"ix":1},"s":{"a":0,"k":[100,100,100],"ix":6}},"ao":0,"shapes":[{"ty":"gr","it":[{"ty":"rc","d":1,"s":{"a":0,"k":[710.023,454.621],"ix":2},"p":{"a":0,"k":[0,0],"ix":3},"r":{"a":0,"k":0,"ix":4},"nm":"Rectangle Path 1","mn":"ADBE Vector Shape - Rect","hd":false},{"ty":"fl","c":{"a":0,"k":[0.032817348838,0.04490314424,0.119669117033,1],"ix":4},"o":{"a":0,"k":100,"ix":5},"r":1,"bm":0,"nm":"Fill 1","mn":"ADBE Vector Graphic - Fill","hd":false},{"ty":"tr","p":{"a":0,"k":[8.012,7.311],"ix":2},"a":{"a":0,"k":[0,0],"ix":1},"s":{"a":0,"k":[100,100],"ix":3},"r":{"a":0,"k":0,"ix":6},"o":{"a":0,"k":100,"ix":7},"sk":{"a":0,"k":0,"ix":4},"sa":{"a":0,"k":0,"ix":5},"nm":"Transform"}],"nm":"Rectangle 1","np":3,"cix":2,"bm":0,"ix":1,"mn":"ADBE Vector Group","hd":false}],"ip":0,"op":120,"st":0,"bm":0}],"markers":[]}