{"assets/fonts/Montserrat-Bold.ttf":["assets/fonts/Montserrat-Bold.ttf"],"assets/fonts/Montserrat-Regular.ttf":["assets/fonts/Montserrat-Regular.ttf"],"assets/images/binance.png":["assets/images/binance.png"],"assets/images/image1.png":["assets/images/image1.png"],"assets/images/image2.png":["assets/images/image2.png"],"assets/images/image3.svg":["assets/images/image3.svg"],"assets/images/logo1.png":["assets/images/logo1.png"],"assets/images/logo2.png":["assets/images/logo2.png"],"assets/images/lp_image.png":["assets/images/lp_image.png"],"assets/images/mining.gif":["assets/images/mining.gif"],"assets/images/tokenomics.gif":["assets/images/tokenomics.gif"],"assets/lotties/make_money.json":["assets/lotties/make_money.json"],"assets/lotties/mining.gif":["assets/lotties/mining.gif"],"assets/lotties/mining2.json":["assets/lotties/mining2.json"],"assets/lotties/tokenomics.json":["assets/lotties/tokenomics.json"],"assets/lotties/tokenomics2.json":["assets/lotties/tokenomics2.json"],"assets/lotties/tokenomics3.json":["assets/lotties/tokenomics3.json"],"packages/cupertino_icons/assets/CupertinoIcons.ttf":["packages/cupertino_icons/assets/CupertinoIcons.ttf"]}